dataname,d,baseline,shd,precision,recall,F1,spuriousness,time,shd_ci95,precision_ci95,recall_ci95,F1_ci95,spuriousness_ci95,time_ci95
notears,500,MLPNotears,215.05882352941177,0.9853177389040122,0.7470905695611578,0.8495336933781387,1.468226109598787,176.19637176429524,24.48700901254832,0.0030200375731887392,0.012582244491309305,0.007642517208918954,0.3020037573188762,16.15653175191076
notears,500,Notears,429.8,0.9965164473545963,0.4657273934405062,0.634656293693129,0.0,151.63275580803554,56.27836238634605,0.0019248477175740962,0.009001743929928065,0.008290005459441117,0.0,18.440693193024156
