dataname,d,baseline,shd,precision,recall,F1,spuriousness,time,shd_ci95,precision_ci95,recall_ci95,F1_ci95,spuriousness_ci95,time_ci95
notears,500,MLPNotears,156.4,0.8928970976220647,0.9067005290170795,0.8994414037970315,10.075862629980351,180.93443471749623,9.93925944033167,0.022139446447646177,0.0054110624443028275,0.012204662738176667,2.096571427984749,12.840391279892502
notears,500,Notears,642.0,0.9700897660973506,0.20543968253968253,0.3388633462445708,2.991023390264931,49.523991743723556,78.18847019293264,0.008944053002746739,0.007368081809590072,0.00965228567868347,0.894405300274677,6.257225704842154
