dataname,d,baseline,shd,precision,recall,F1,spuriousness,time,shd_ci95,precision_ci95,recall_ci95,F1_ci95,spuriousness_ci95,time_ci95
notears,500,DAS,946.0714285714286,0.16927556907399424,0.31198251636570007,0.21784682567583274,43.21569936318339,8.421512324611346,159.43092571416022,0.04464138670491909,0.06623615877816805,0.053824595836536517,3.811909870508616,0.8153389111832823
notears,500,GIES,473.68,0.5623031558660994,0.9780689558490079,0.7114773256289497,38.90625786037251,1.2506027677853901,25.4273573113684,0.02893319334925092,0.0026615622405679732,0.022958559423306532,2.5352357329500426,0.10309452909939207
notears,500,MLPNotears,653.3076923076923,0.6250586696339747,0.6402889842214409,0.6381242881556927,33.20931663586671,865.4160397540419,291.9009104783383,0.09113803031999607,0.08932904048106957,0.0864936408531003,8.963985089216383,380.57984218313055
notears,500,Notears,518.1632653061224,0.8641341255446932,0.38374779597989106,0.5252009629618977,10.992603739506809,95.87725229457932,46.797163019425305,0.04101209992048029,0.03610373664442742,0.04525666877666724,2.913949086068003,56.73120042389695
notears,500,SCORE,1244.8333333333333,0.12096352762879724,0.36173207951236214,0.18007960726141803,53.37660368007433,222.1087934679455,356.50541836617924,0.08915289162350264,0.2256040523508325,0.12687543448545174,5.697827266761429,21.4397732204836
