dataname,d,mode,shd,precision,recall,F1,spuriousness,time,shd_ci95,precision_ci95,recall_ci95,F1_ci95,spuriousness_ci95,time_ci95
notears,100,n,57.0,0.5429855744701549,0.7655247080623047,0.6350257716032941,8.530204754206668,0.5520812598864238,4.426303197929395,0.03326410553431686,0.05117378187939141,0.03786217790099072,0.5888641921708728,0.009037739256345965
notears,200,n,130.0,0.5181283226414312,0.6001361282932572,0.5560933528269492,8.238992502979977,1.4044417556126914,9.214084870457834,0.046552012758167435,0.051253860461905526,0.04865315523689225,0.31119472642288154,0.017231595430130232
notears,300,n,238.8,0.3613878906517053,0.5571823903281844,0.43775391573481964,12.715339262642006,2.592927264372508,5.012391046197414,0.016407306465423575,0.03172334183251631,0.01449819793127543,0.7574971359438811,0.01839292394319068
notears,400,n,277.4,0.4457610887077248,0.6459396495020268,0.5272996660040868,9.612053549379239,3.681182029247284,10.958486026819582,0.026149947322559396,0.029793197954062697,0.026429458529160996,0.33903760136352046,0.08907845368253517
notears,500,n,307.6,0.5175986932541731,0.6984773599473753,0.5941534405878063,7.841236273062956,6.630041358470916,14.805461694928658,0.03354614762310016,0.017889269548404488,0.026589157604485193,0.3110865769463825,0.02324724646851469
