dataname,d,mode,shd,precision,recall,F1,spuriousness,time,shd_ci95,precision_ci95,recall_ci95,F1_ci95,spuriousness_ci95,time_ci95
notears,500,n,105.36,0.8909952641597186,0.9674818899764555,0.9275976959011186,0.6937857678703883,10.860999874591828,1.6855999999999993,0.007941843609612908,0.002710508014872635,0.005392168250636248,0.08989702523067031,0.9703864934299256
