mode,s,shd,espur,precision,recall,F1,time,spuriousness,shd_ci95,espur_ci95,precision_ci95,recall_ci95,F1_ci95,time_ci95,spuriousness_ci95
n,600,101.2,4.8,0.8706818853734438,0.9501917147608339,0.9086862282654462,9.126831522782643,0.8296185220772181,3.473128848747193,0.9601999791710056,0.006298966302247498,0.0021243000844096533,0.003411765794261662,0.09117789617976566,0.1646558901139516
n,700,104.0,5.0,0.890902772990674,0.9518579942126374,0.920363077731244,9.918954912026724,0.7407437292863449,2.9071498069415007,1.639853652006788,0.004897798753858569,0.0010079163545470616,0.0023581497665512655,0.05363036144061916,0.2419169811497485
n,800,116.8,7.4,0.8955030837062494,0.9501978691855889,0.9220298370488219,11.207742682298024,0.9588301544148712,2.9982234739925575,1.8176292251171575,0.004448061982363186,0.0022010448717138574,0.0019823284743674652,0.7034104755232105,0.23283830488316182
n,900,107.0,8.8,0.910102170210167,0.9664880420879618,0.937445466796474,11.43649330933889,0.998277326716088,3.6668242390384624,2.268864032946884,0.0035356605915508365,0.0009404361759366967,0.0022297958883918823,0.3563763345020738,0.25556323828283134
n,1000,93.8,12.2,0.9231980273923979,0.9814051088824893,0.9514003281695583,11.401838947931925,1.226198375127224,6.363211767653188,1.1428665713896788,0.006223968534593308,0.0019547091265082993,0.0034948555822087763,0.5692240265972118,0.11305639466743819
