dataname,d,mode,shd,precision,recall,F1,spuriousness,time,shd_ci95,precision_ci95,recall_ci95,F1_ci95,spuriousness_ci95,time_ci95
notears,500,aS,319.34285714285716,0.8106161997568814,0.6726330461547404,0.7347969155816981,3.8976805300258777,9.60574469600405,44.30275846411159,0.013691758146099573,0.02097690298034357,0.018066724223531366,0.8112303324397955,0.7563655501181303
notears,500,n,379.3142857142857,0.654271395099702,0.6693954966778273,0.6597714232818719,4.3613729778854475,10.394871810163771,38.70212533455707,0.01000796661839716,0.02036604354729575,0.01017697556549455,0.6283519176608424,0.9564541708039864
